#{"t_start": 1645384461.370466, "env_id": null}
r,l,t,ground_state,abstract_state,decisions
-7.02405,24,47.443181,387,abstract_0_1,"['PROACTIVE', 'NAIVE', 'NAIVE', 'NAIVE', 'NAIVE', 'NAIVE', 'PROACTIVE', 'NAIVE', 'PROACTIVE', 'NAIVE', 'PROACTIVE', 'NAIVE', 'NAIVE', 'NAIVE', 'NAIVE', 'NAIVE', 'NAIVE', 'NAIVE', 'NAIVE', 'PROACTIVE', 'PROACTIVE', 'PROACTIVE', 'PROACTIVE', 'NAIVE']"
-42.49224,20,85.734744,738,abstract_7_1,"['PROACTIVE', 'PROACTIVE', 'NAIVE', 'NAIVE', 'PROACTIVE', 'NAIVE', 'NAIVE', 'NAIVE', 'PROACTIVE', 'NAIVE', 'PROACTIVE', 'PROACTIVE', 'PROACTIVE', 'PROACTIVE', 'PROACTIVE', 'PROACTIVE', 'NAIVE', 'NAIVE', 'PROACTIVE', 'NAIVE']"
18.848748,20,135.551484,532,abstract_3_0,"['PROACTIVE', 'PROACTIVE', 'PROACTIVE', 'NAIVE', 'PROACTIVE', 'PROACTIVE', 'PROACTIVE', 'PROACTIVE', 'NAIVE', 'NAIVE', 'PROACTIVE', 'NAIVE', 'NAIVE', 'PROACTIVE', 'PROACTIVE', 'PROACTIVE', 'NAIVE', 'NAIVE', 'NAIVE', 'NAIVE']"
-27.305143,17,169.481177,672,abstract_6_0,"['PROACTIVE', 'NAIVE', 'NAIVE', 'PROACTIVE', 'PROACTIVE', 'NAIVE', 'PROACTIVE', 'PROACTIVE', 'PROACTIVE', 'PROACTIVE', 'PROACTIVE', 'PROACTIVE', 'PROACTIVE', 'NAIVE', 'NAIVE', 'PROACTIVE', 'PROACTIVE']"
40.566293,23,213.357911,439,abstract_1_1,"['NAIVE', 'NAIVE', 'NAIVE', 'NAIVE', 'NAIVE', 'PROACTIVE', 'PROACTIVE', 'PROACTIVE', 'NAIVE', 'PROACTIVE', 'PROACTIVE', 'NAIVE', 'NAIVE', 'PROACTIVE', 'NAIVE', 'PROACTIVE', 'PROACTIVE', 'NAIVE', 'NAIVE', 'NAIVE', 'NAIVE', 'NAIVE', 'NAIVE']"
19.544531,20,248.916632,528,abstract_3_0,"['PROACTIVE', 'NAIVE', 'PROACTIVE', 'NAIVE', 'NAIVE', 'NAIVE', 'NAIVE', 'NAIVE', 'PROACTIVE', 'PROACTIVE', 'PROACTIVE', 'PROACTIVE', 'PROACTIVE', 'PROACTIVE', 'NAIVE', 'PROACTIVE', 'PROACTIVE', 'PROACTIVE', 'NAIVE', 'NAIVE']"
6.910598,28,296.440571,393,abstract_0_2,"['NAIVE', 'PROACTIVE', 'NAIVE', 'PROACTIVE', 'PROACTIVE', 'NAIVE', 'PROACTIVE', 'NAIVE', 'NAIVE', 'NAIVE', 'PROACTIVE', 'NAIVE', 'NAIVE', 'PROACTIVE', 'NAIVE', 'NAIVE', 'NAIVE', 'NAIVE', 'NAIVE', 'NAIVE', 'PROACTIVE', 'NAIVE', 'NAIVE', 'PROACTIVE', 'NAIVE', 'NAIVE', 'NAIVE', 'NAIVE']"
-80.976572,20,332.973521,677,abstract_6_0,"['PROACTIVE', 'PROACTIVE', 'NAIVE', 'NAIVE', 'PROACTIVE', 'NAIVE', 'NAIVE', 'NAIVE', 'NAIVE', 'NAIVE', 'NAIVE', 'PROACTIVE', 'NAIVE', 'NAIVE', 'PROACTIVE', 'PROACTIVE', 'PROACTIVE', 'PROACTIVE', 'PROACTIVE', 'PROACTIVE']"
76.853944,24,387.84737,385,abstract_0_0,"['NAIVE', 'PROACTIVE', 'PROACTIVE', 'PROACTIVE', 'NAIVE', 'NAIVE', 'NAIVE', 'PROACTIVE', 'NAIVE', 'PROACTIVE', 'NAIVE', 'PROACTIVE', 'PROACTIVE', 'NAIVE', 'PROACTIVE', 'PROACTIVE', 'NAIVE', 'PROACTIVE', 'NAIVE', 'PROACTIVE', 'NAIVE', 'NAIVE', 'NAIVE', 'PROACTIVE']"
135.927683,16,417.190138,481,abstract_2_0,"['PROACTIVE', 'NAIVE', 'PROACTIVE', 'NAIVE', 'NAIVE', 'PROACTIVE', 'PROACTIVE', 'PROACTIVE', 'PROACTIVE', 'NAIVE', 'NAIVE', 'NAIVE', 'NAIVE', 'PROACTIVE', 'PROACTIVE', 'PROACTIVE']"
20.535671,16,445.24673,629,abstract_5_0,"['NAIVE', 'PROACTIVE', 'NAIVE', 'NAIVE', 'PROACTIVE', 'NAIVE', 'NAIVE', 'PROACTIVE', 'PROACTIVE', 'NAIVE', 'NAIVE', 'PROACTIVE', 'NAIVE', 'NAIVE', 'PROACTIVE', 'NAIVE']"
130.883435,29,501.522763,658,abstract_5_1,"['PROACTIVE', 'PROACTIVE', 'PROACTIVE', 'NAIVE', 'NAIVE', 'PROACTIVE', 'NAIVE', 'PROACTIVE', 'NAIVE', 'PROACTIVE', 'PROACTIVE', 'NAIVE', 'PROACTIVE', 'PROACTIVE', 'NAIVE', 'NAIVE', 'NAIVE', 'NAIVE', 'NAIVE', 'PROACTIVE', 'NAIVE', 'NAIVE', 'NAIVE', 'NAIVE', 'NAIVE', 'NAIVE', 'NAIVE', 'PROACTIVE', 'PROACTIVE']"
43.65822,31,567.741062,729,abstract_7_2,"['NAIVE', 'NAIVE', 'NAIVE', 'PROACTIVE', 'PROACTIVE', 'PROACTIVE', 'NAIVE', 'NAIVE', 'NAIVE', 'PROACTIVE', 'PROACTIVE', 'NAIVE', 'PROACTIVE', 'PROACTIVE', 'PROACTIVE', 'PROACTIVE', 'NAIVE', 'NAIVE', 'NAIVE', 'NAIVE', 'NAIVE', 'PROACTIVE', 'PROACTIVE', 'NAIVE', 'PROACTIVE', 'NAIVE', 'PROACTIVE', 'NAIVE', 'PROACTIVE', 'NAIVE', 'PROACTIVE']"
85.974677,28,619.979347,684,abstract_6_2,"['PROACTIVE', 'NAIVE', 'NAIVE', 'PROACTIVE', 'NAIVE', 'NAIVE', 'NAIVE', 'NAIVE', 'PROACTIVE', 'NAIVE', 'PROACTIVE', 'PROACTIVE', 'NAIVE', 'NAIVE', 'PROACTIVE', 'NAIVE', 'NAIVE', 'PROACTIVE', 'PROACTIVE', 'NAIVE', 'PROACTIVE', 'NAIVE', 'NAIVE', 'NAIVE', 'NAIVE', 'PROACTIVE', 'NAIVE', 'NAIVE']"
-13.885599,21,657.125838,624,abstract_5_0,"['NAIVE', 'NAIVE', 'NAIVE', 'NAIVE', 'PROACTIVE', 'NAIVE', 'PROACTIVE', 'NAIVE', 'NAIVE', 'NAIVE', 'NAIVE', 'NAIVE', 'PROACTIVE', 'NAIVE', 'PROACTIVE', 'NAIVE', 'NAIVE', 'PROACTIVE', 'NAIVE', 'NAIVE', 'NAIVE']"
99.682635,16,681.987923,241,abstract_1_0,"['PROACTIVE', 'NAIVE', 'NAIVE', 'NAIVE', 'NAIVE', 'NAIVE', 'PROACTIVE', 'NAIVE', 'NAIVE', 'NAIVE', 'NAIVE', 'NAIVE', 'NAIVE', 'NAIVE', 'NAIVE', 'NAIVE']"
119.307122,32,750.11932,675,abstract_6_1,"['NAIVE', 'NAIVE', 'PROACTIVE', 'PROACTIVE', 'NAIVE', 'NAIVE', 'NAIVE', 'NAIVE', 'NAIVE', 'NAIVE', 'NAIVE', 'PROACTIVE', 'NAIVE', 'NAIVE', 'PROACTIVE', 'PROACTIVE', 'PROACTIVE', 'NAIVE', 'PROACTIVE', 'PROACTIVE', 'PROACTIVE', 'PROACTIVE', 'PROACTIVE', 'PROACTIVE', 'PROACTIVE', 'PROACTIVE', 'PROACTIVE', 'PROACTIVE', 'PROACTIVE', 'PROACTIVE', 'NAIVE', 'PROACTIVE']"
15.545689,17,778.841697,581,abstract_4_0,"['PROACTIVE', 'NAIVE', 'PROACTIVE', 'NAIVE', 'NAIVE', 'NAIVE', 'NAIVE', 'NAIVE', 'NAIVE', 'NAIVE', 'NAIVE', 'NAIVE', 'PROACTIVE', 'NAIVE', 'NAIVE', 'NAIVE', 'NAIVE']"
30.190814,16,810.83882,158,abstract_3_3,"['PROACTIVE', 'PROACTIVE', 'PROACTIVE', 'PROACTIVE', 'PROACTIVE', 'PROACTIVE', 'PROACTIVE', 'PROACTIVE', 'NAIVE', 'PROACTIVE', 'PROACTIVE', 'PROACTIVE', 'NAIVE', 'PROACTIVE', 'PROACTIVE', 'PROACTIVE']"
55.94793,21,1045.74539,389,abstract_0_0,"['PROACTIVE', 'PROACTIVE', 'PROACTIVE', 'NAIVE', 'PROACTIVE', 'PROACTIVE', 'PROACTIVE', 'PROACTIVE', 'PROACTIVE', 'PROACTIVE', 'PROACTIVE', 'PROACTIVE', 'NAIVE', 'PROACTIVE', 'PROACTIVE', 'PROACTIVE', 'PROACTIVE', 'PROACTIVE', 'PROACTIVE', 'PROACTIVE', 'PROACTIVE']"
96.920185,27,1121.985581,646,abstract_5_1,"['PROACTIVE', 'PROACTIVE', 'PROACTIVE', 'PROACTIVE', 'PROACTIVE', 'PROACTIVE', 'PROACTIVE', 'PROACTIVE', 'PROACTIVE', 'PROACTIVE', 'NAIVE', 'PROACTIVE', 'PROACTIVE', 'NAIVE', 'PROACTIVE', 'PROACTIVE', 'PROACTIVE', 'PROACTIVE', 'PROACTIVE', 'NAIVE', 'PROACTIVE', 'PROACTIVE', 'PROACTIVE', 'PROACTIVE', 'PROACTIVE', 'PROACTIVE', 'PROACTIVE']"
32.045229,16,1163.659594,132,abstract_2_0,"['PROACTIVE', 'PROACTIVE', 'PROACTIVE', 'PROACTIVE', 'PROACTIVE', 'PROACTIVE', 'PROACTIVE', 'PROACTIVE', 'PROACTIVE', 'PROACTIVE', 'PROACTIVE', 'PROACTIVE', 'NAIVE', 'PROACTIVE', 'PROACTIVE', 'PROACTIVE']"
94.31454,20,1215.284927,769,abstract_4_0,"['PROACTIVE', 'PROACTIVE', 'PROACTIVE', 'PROACTIVE', 'PROACTIVE', 'PROACTIVE', 'NAIVE', 'PROACTIVE', 'PROACTIVE', 'PROACTIVE', 'PROACTIVE', 'PROACTIVE', 'PROACTIVE', 'PROACTIVE', 'PROACTIVE', 'PROACTIVE', 'PROACTIVE', 'PROACTIVE', 'PROACTIVE', 'PROACTIVE']"
249.400211,19,1260.199364,389,abstract_0_0,"['PROACTIVE', 'PROACTIVE', 'PROACTIVE', 'PROACTIVE', 'PROACTIVE', 'PROACTIVE', 'PROACTIVE', 'PROACTIVE', 'PROACTIVE', 'PROACTIVE', 'PROACTIVE', 'PROACTIVE', 'PROACTIVE', 'PROACTIVE', 'PROACTIVE', 'PROACTIVE', 'PROACTIVE', 'PROACTIVE', 'PROACTIVE']"
157.787494,24,1333.667387,709,abstract_6_0,"['PROACTIVE', 'PROACTIVE', 'PROACTIVE', 'PROACTIVE', 'NAIVE', 'PROACTIVE', 'PROACTIVE', 'PROACTIVE', 'PROACTIVE', 'PROACTIVE', 'PROACTIVE', 'PROACTIVE', 'PROACTIVE', 'PROACTIVE', 'PROACTIVE', 'NAIVE', 'PROACTIVE', 'PROACTIVE', 'PROACTIVE', 'PROACTIVE', 'PROACTIVE', 'PROACTIVE', 'PROACTIVE', 'PROACTIVE']"
175.538389,18,1374.378595,777,abstract_4_2,"['PROACTIVE', 'PROACTIVE', 'PROACTIVE', 'PROACTIVE', 'PROACTIVE', 'PROACTIVE', 'PROACTIVE', 'PROACTIVE', 'PROACTIVE', 'PROACTIVE', 'PROACTIVE', 'PROACTIVE', 'PROACTIVE', 'PROACTIVE', 'PROACTIVE', 'PROACTIVE', 'PROACTIVE', 'PROACTIVE']"
19.71347,19,1415.524776,96,abstract_2_0,"['PROACTIVE', 'PROACTIVE', 'PROACTIVE', 'PROACTIVE', 'NAIVE', 'PROACTIVE', 'PROACTIVE', 'PROACTIVE', 'PROACTIVE', 'PROACTIVE', 'PROACTIVE', 'PROACTIVE', 'PROACTIVE', 'PROACTIVE', 'PROACTIVE', 'NAIVE', 'PROACTIVE', 'PROACTIVE', 'PROACTIVE']"
23.897452,19,1469.030891,650,abstract_5_3,"['PROACTIVE', 'PROACTIVE', 'PROACTIVE', 'PROACTIVE', 'PROACTIVE', 'PROACTIVE', 'PROACTIVE', 'PROACTIVE', 'PROACTIVE', 'PROACTIVE', 'PROACTIVE', 'PROACTIVE', 'PROACTIVE', 'PROACTIVE', 'PROACTIVE', 'PROACTIVE', 'PROACTIVE', 'PROACTIVE', 'PROACTIVE']"
253.533455,22,1541.256782,357,abstract_3_0,"['PROACTIVE', 'PROACTIVE', 'PROACTIVE', 'PROACTIVE', 'PROACTIVE', 'PROACTIVE', 'PROACTIVE', 'PROACTIVE', 'PROACTIVE', 'PROACTIVE', 'PROACTIVE', 'PROACTIVE', 'PROACTIVE', 'PROACTIVE', 'PROACTIVE', 'PROACTIVE', 'PROACTIVE', 'PROACTIVE', 'PROACTIVE', 'PROACTIVE', 'PROACTIVE', 'PROACTIVE']"
59.627441,16,1578.823738,288,abstract_2_0,"['PROACTIVE', 'PROACTIVE', 'PROACTIVE', 'PROACTIVE', 'PROACTIVE', 'PROACTIVE', 'PROACTIVE', 'PROACTIVE', 'NAIVE', 'PROACTIVE', 'NAIVE', 'PROACTIVE', 'PROACTIVE', 'PROACTIVE', 'PROACTIVE', 'PROACTIVE']"
41.07724,22,1642.847681,586,abstract_4_3,"['PROACTIVE', 'PROACTIVE', 'PROACTIVE', 'PROACTIVE', 'PROACTIVE', 'PROACTIVE', 'PROACTIVE', 'PROACTIVE', 'PROACTIVE', 'PROACTIVE', 'PROACTIVE', 'PROACTIVE', 'PROACTIVE', 'PROACTIVE', 'PROACTIVE', 'PROACTIVE', 'PROACTIVE', 'PROACTIVE', 'PROACTIVE', 'PROACTIVE', 'PROACTIVE', 'PROACTIVE']"
12.986197,29,1721.680995,502,abstract_2_1,"['PROACTIVE', 'PROACTIVE', 'PROACTIVE', 'PROACTIVE', 'PROACTIVE', 'PROACTIVE', 'PROACTIVE', 'PROACTIVE', 'PROACTIVE', 'PROACTIVE', 'PROACTIVE', 'PROACTIVE', 'PROACTIVE', 'PROACTIVE', 'PROACTIVE', 'PROACTIVE', 'PROACTIVE', 'PROACTIVE', 'PROACTIVE', 'PROACTIVE', 'PROACTIVE', 'PROACTIVE', 'PROACTIVE', 'PROACTIVE', 'PROACTIVE', 'PROACTIVE', 'PROACTIVE', 'PROACTIVE', 'PROACTIVE']"
102.698146,18,1766.391404,875,abstract_6_3,"['PROACTIVE', 'PROACTIVE', 'PROACTIVE', 'NAIVE', 'PROACTIVE', 'PROACTIVE', 'PROACTIVE', 'PROACTIVE', 'PROACTIVE', 'PROACTIVE', 'PROACTIVE', 'PROACTIVE', 'PROACTIVE', 'PROACTIVE', 'PROACTIVE', 'PROACTIVE', 'PROACTIVE', 'PROACTIVE']"
25.415976,19,1810.634192,745,abstract_7_2,"['PROACTIVE', 'PROACTIVE', 'PROACTIVE', 'PROACTIVE', 'PROACTIVE', 'PROACTIVE', 'PROACTIVE', 'PROACTIVE', 'PROACTIVE', 'PROACTIVE', 'PROACTIVE', 'PROACTIVE', 'PROACTIVE', 'PROACTIVE', 'PROACTIVE', 'PROACTIVE', 'PROACTIVE', 'PROACTIVE', 'PROACTIVE']"
172.690041,20,1859.692249,697,abstract_6_2,"['PROACTIVE', 'PROACTIVE', 'PROACTIVE', 'PROACTIVE', 'PROACTIVE', 'PROACTIVE', 'PROACTIVE', 'PROACTIVE', 'PROACTIVE', 'PROACTIVE', 'PROACTIVE', 'PROACTIVE', 'PROACTIVE', 'PROACTIVE', 'PROACTIVE', 'PROACTIVE', 'PROACTIVE', 'PROACTIVE', 'PROACTIVE', 'PROACTIVE']"
123.757362,25,1937.355399,686,abstract_6_3,"['NAIVE', 'NAIVE', 'PROACTIVE', 'PROACTIVE', 'PROACTIVE', 'PROACTIVE', 'PROACTIVE', 'PROACTIVE', 'PROACTIVE', 'PROACTIVE', 'PROACTIVE', 'PROACTIVE', 'PROACTIVE', 'PROACTIVE', 'PROACTIVE', 'PROACTIVE', 'PROACTIVE', 'PROACTIVE', 'PROACTIVE', 'PROACTIVE', 'PROACTIVE', 'PROACTIVE', 'PROACTIVE', 'PROACTIVE', 'PROACTIVE']"
-73.25746,22,1997.357205,576,abstract_4_0,"['NAIVE', 'PROACTIVE', 'PROACTIVE', 'PROACTIVE', 'PROACTIVE', 'PROACTIVE', 'PROACTIVE', 'PROACTIVE', 'PROACTIVE', 'PROACTIVE', 'PROACTIVE', 'PROACTIVE', 'PROACTIVE', 'PROACTIVE', 'PROACTIVE', 'PROACTIVE', 'PROACTIVE', 'PROACTIVE', 'PROACTIVE', 'PROACTIVE', 'PROACTIVE', 'PROACTIVE']"
190.236741,16,2036.451521,486,abstract_2_1,"['PROACTIVE', 'NAIVE', 'NAIVE', 'NAIVE', 'PROACTIVE', 'NAIVE', 'PROACTIVE', 'PROACTIVE', 'PROACTIVE', 'PROACTIVE', 'PROACTIVE', 'PROACTIVE', 'PROACTIVE', 'PROACTIVE', 'PROACTIVE', 'PROACTIVE']"
111.814306,19,2082.474087,493,abstract_2_2,"['PROACTIVE', 'NAIVE', 'NAIVE', 'PROACTIVE', 'NAIVE', 'PROACTIVE', 'PROACTIVE', 'PROACTIVE', 'PROACTIVE', 'PROACTIVE', 'PROACTIVE', 'NAIVE', 'PROACTIVE', 'PROACTIVE', 'PROACTIVE', 'PROACTIVE', 'PROACTIVE', 'PROACTIVE', 'NAIVE']"
90.538672,23,2146.120002,389,abstract_0_0,"['NAIVE', 'PROACTIVE', 'NAIVE', 'PROACTIVE', 'PROACTIVE', 'PROACTIVE', 'PROACTIVE', 'PROACTIVE', 'PROACTIVE', 'NAIVE', 'PROACTIVE', 'NAIVE', 'PROACTIVE', 'PROACTIVE', 'PROACTIVE', 'PROACTIVE', 'PROACTIVE', 'PROACTIVE', 'PROACTIVE', 'PROACTIVE', 'PROACTIVE', 'PROACTIVE', 'PROACTIVE']"
256.444661,18,2191.340545,502,abstract_2_1,"['PROACTIVE', 'PROACTIVE', 'PROACTIVE', 'PROACTIVE', 'NAIVE', 'PROACTIVE', 'PROACTIVE', 'PROACTIVE', 'PROACTIVE', 'PROACTIVE', 'PROACTIVE', 'PROACTIVE', 'PROACTIVE', 'PROACTIVE', 'NAIVE', 'PROACTIVE', 'PROACTIVE', 'PROACTIVE']"
47.010187,24,2242.552725,489,abstract_2_2,"['NAIVE', 'NAIVE', 'PROACTIVE', 'NAIVE', 'PROACTIVE', 'PROACTIVE', 'PROACTIVE', 'PROACTIVE', 'PROACTIVE', 'PROACTIVE', 'NAIVE', 'NAIVE', 'NAIVE', 'NAIVE', 'NAIVE', 'NAIVE', 'NAIVE', 'NAIVE', 'NAIVE', 'NAIVE', 'NAIVE', 'PROACTIVE', 'NAIVE', 'NAIVE']"
117.735997,30,2307.8291,193,abstract_0_0,"['PROACTIVE', 'PROACTIVE', 'NAIVE', 'NAIVE', 'PROACTIVE', 'NAIVE', 'NAIVE', 'NAIVE', 'PROACTIVE', 'NAIVE', 'NAIVE', 'NAIVE', 'PROACTIVE', 'NAIVE', 'PROACTIVE', 'NAIVE', 'PROACTIVE', 'PROACTIVE', 'NAIVE', 'NAIVE', 'PROACTIVE', 'NAIVE', 'NAIVE', 'PROACTIVE', 'PROACTIVE', 'PROACTIVE', 'PROACTIVE', 'PROACTIVE', 'PROACTIVE', 'PROACTIVE']"
31.679893,22,2357.143344,727,abstract_7_1,"['NAIVE', 'PROACTIVE', 'PROACTIVE', 'PROACTIVE', 'PROACTIVE', 'PROACTIVE', 'PROACTIVE', 'NAIVE', 'NAIVE', 'NAIVE', 'PROACTIVE', 'PROACTIVE', 'PROACTIVE', 'PROACTIVE', 'PROACTIVE', 'NAIVE', 'NAIVE', 'PROACTIVE', 'PROACTIVE', 'PROACTIVE', 'PROACTIVE', 'NAIVE']"
199.495797,18,2392.687424,1011,abstract_5_1,"['PROACTIVE', 'PROACTIVE', 'PROACTIVE', 'NAIVE', 'NAIVE', 'NAIVE', 'NAIVE', 'NAIVE', 'NAIVE', 'NAIVE', 'NAIVE', 'NAIVE', 'NAIVE', 'PROACTIVE', 'PROACTIVE', 'PROACTIVE', 'PROACTIVE', 'PROACTIVE']"
217.282374,20,2439.957103,689,abstract_6_0,"['PROACTIVE', 'PROACTIVE', 'NAIVE', 'NAIVE', 'PROACTIVE', 'NAIVE', 'PROACTIVE', 'NAIVE', 'NAIVE', 'PROACTIVE', 'PROACTIVE', 'NAIVE', 'PROACTIVE', 'PROACTIVE', 'PROACTIVE', 'PROACTIVE', 'PROACTIVE', 'PROACTIVE', 'PROACTIVE', 'PROACTIVE']"
268.361524,16,2480.714266,345,abstract_3_2,"['PROACTIVE', 'PROACTIVE', 'PROACTIVE', 'PROACTIVE', 'PROACTIVE', 'PROACTIVE', 'PROACTIVE', 'PROACTIVE', 'PROACTIVE', 'PROACTIVE', 'PROACTIVE', 'PROACTIVE', 'PROACTIVE', 'PROACTIVE', 'PROACTIVE', 'PROACTIVE']"
-117.880998,16,2505.100126,114,abstract_2_1,"['NAIVE', 'NAIVE', 'NAIVE', 'NAIVE', 'NAIVE', 'NAIVE', 'NAIVE', 'NAIVE', 'NAIVE', 'NAIVE', 'NAIVE', 'NAIVE', 'NAIVE', 'NAIVE', 'NAIVE', 'NAIVE']"
132.318946,27,2583.220818,396,abstract_0_2,"['NAIVE', 'NAIVE', 'PROACTIVE', 'NAIVE', 'PROACTIVE', 'PROACTIVE', 'PROACTIVE', 'PROACTIVE', 'PROACTIVE', 'PROACTIVE', 'PROACTIVE', 'PROACTIVE', 'PROACTIVE', 'PROACTIVE', 'PROACTIVE', 'PROACTIVE', 'PROACTIVE', 'PROACTIVE', 'PROACTIVE', 'PROACTIVE', 'PROACTIVE', 'PROACTIVE', 'PROACTIVE', 'PROACTIVE', 'PROACTIVE', 'PROACTIVE', 'PROACTIVE']"
118.434293,27,2648.076377,630,abstract_5_1,"['NAIVE', 'PROACTIVE', 'PROACTIVE', 'PROACTIVE', 'NAIVE', 'NAIVE', 'NAIVE', 'PROACTIVE', 'PROACTIVE', 'NAIVE', 'PROACTIVE', 'PROACTIVE', 'PROACTIVE', 'PROACTIVE', 'PROACTIVE', 'NAIVE', 'PROACTIVE', 'PROACTIVE', 'PROACTIVE', 'NAIVE', 'PROACTIVE', 'PROACTIVE', 'PROACTIVE', 'PROACTIVE', 'NAIVE', 'PROACTIVE', 'PROACTIVE']"
117.481755,26,2727.96598,596,abstract_4_0,"['PROACTIVE', 'PROACTIVE', 'PROACTIVE', 'PROACTIVE', 'PROACTIVE', 'PROACTIVE', 'NAIVE', 'PROACTIVE', 'PROACTIVE', 'PROACTIVE', 'PROACTIVE', 'PROACTIVE', 'PROACTIVE', 'PROACTIVE', 'PROACTIVE', 'PROACTIVE', 'PROACTIVE', 'PROACTIVE', 'PROACTIVE', 'PROACTIVE', 'PROACTIVE', 'PROACTIVE', 'PROACTIVE', 'PROACTIVE', 'PROACTIVE', 'PROACTIVE']"
144.295797,24,2802.833518,396,abstract_0_2,"['PROACTIVE', 'NAIVE', 'PROACTIVE', 'PROACTIVE', 'PROACTIVE', 'PROACTIVE', 'NAIVE', 'PROACTIVE', 'PROACTIVE', 'PROACTIVE', 'PROACTIVE', 'PROACTIVE', 'PROACTIVE', 'NAIVE', 'PROACTIVE', 'PROACTIVE', 'PROACTIVE', 'PROACTIVE', 'PROACTIVE', 'PROACTIVE', 'PROACTIVE', 'PROACTIVE', 'PROACTIVE', 'PROACTIVE']"
67.847165,25,2848.455947,565,abstract_3_0,"['PROACTIVE', 'PROACTIVE', 'PROACTIVE', 'PROACTIVE', 'NAIVE', 'NAIVE', 'NAIVE', 'NAIVE', 'NAIVE', 'NAIVE', 'NAIVE', 'NAIVE', 'NAIVE', 'NAIVE', 'NAIVE', 'NAIVE', 'NAIVE', 'NAIVE', 'NAIVE', 'NAIVE', 'NAIVE', 'PROACTIVE', 'NAIVE', 'PROACTIVE', 'NAIVE']"
-45.202018,20,2900.913037,548,abstract_3_0,"['PROACTIVE', 'PROACTIVE', 'PROACTIVE', 'PROACTIVE', 'PROACTIVE', 'PROACTIVE', 'PROACTIVE', 'PROACTIVE', 'PROACTIVE', 'PROACTIVE', 'PROACTIVE', 'PROACTIVE', 'PROACTIVE', 'PROACTIVE', 'PROACTIVE', 'PROACTIVE', 'PROACTIVE', 'PROACTIVE', 'PROACTIVE', 'PROACTIVE']"
75.661705,25,2948.196068,855,abstract_5_1,"['PROACTIVE', 'NAIVE', 'NAIVE', 'PROACTIVE', 'PROACTIVE', 'PROACTIVE', 'PROACTIVE', 'NAIVE', 'NAIVE', 'NAIVE', 'NAIVE', 'PROACTIVE', 'NAIVE', 'NAIVE', 'NAIVE', 'NAIVE', 'NAIVE', 'NAIVE', 'NAIVE', 'NAIVE', 'PROACTIVE', 'NAIVE', 'NAIVE', 'NAIVE', 'NAIVE']"
145.920061,16,2993.460778,103,abstract_2_1,"['PROACTIVE', 'PROACTIVE', 'PROACTIVE', 'PROACTIVE', 'PROACTIVE', 'PROACTIVE', 'PROACTIVE', 'PROACTIVE', 'PROACTIVE', 'PROACTIVE', 'PROACTIVE', 'PROACTIVE', 'PROACTIVE', 'PROACTIVE', 'PROACTIVE', 'PROACTIVE']"
107.781567,25,3043.962063,497,abstract_2_0,"['PROACTIVE', 'PROACTIVE', 'NAIVE', 'NAIVE', 'NAIVE', 'PROACTIVE', 'NAIVE', 'NAIVE', 'NAIVE', 'NAIVE', 'NAIVE', 'NAIVE', 'PROACTIVE', 'NAIVE', 'PROACTIVE', 'NAIVE', 'NAIVE', 'NAIVE', 'NAIVE', 'PROACTIVE', 'PROACTIVE', 'PROACTIVE', 'NAIVE', 'NAIVE', 'NAIVE']"
-10.092561,16,3076.362831,240,abstract_1_0,"['PROACTIVE', 'PROACTIVE', 'NAIVE', 'PROACTIVE', 'PROACTIVE', 'PROACTIVE', 'PROACTIVE', 'NAIVE', 'NAIVE', 'NAIVE', 'PROACTIVE', 'PROACTIVE', 'NAIVE', 'PROACTIVE', 'PROACTIVE', 'PROACTIVE']"
227.667865,19,3120.825324,492,abstract_2_2,"['PROACTIVE', 'PROACTIVE', 'NAIVE', 'PROACTIVE', 'PROACTIVE', 'PROACTIVE', 'NAIVE', 'NAIVE', 'NAIVE', 'NAIVE', 'PROACTIVE', 'PROACTIVE', 'NAIVE', 'PROACTIVE', 'PROACTIVE', 'PROACTIVE', 'PROACTIVE', 'PROACTIVE', 'PROACTIVE']"
42.144932,27,3180.089235,441,abstract_1_2,"['PROACTIVE', 'NAIVE', 'NAIVE', 'NAIVE', 'PROACTIVE', 'PROACTIVE', 'PROACTIVE', 'PROACTIVE', 'PROACTIVE', 'NAIVE', 'NAIVE', 'PROACTIVE', 'NAIVE', 'NAIVE', 'PROACTIVE', 'NAIVE', 'NAIVE', 'PROACTIVE', 'PROACTIVE', 'PROACTIVE', 'PROACTIVE', 'PROACTIVE', 'PROACTIVE', 'PROACTIVE', 'PROACTIVE', 'NAIVE', 'NAIVE']"
107.321371,27,3232.224061,603,abstract_4_3,"['PROACTIVE', 'NAIVE', 'PROACTIVE', 'NAIVE', 'PROACTIVE', 'PROACTIVE', 'NAIVE', 'NAIVE', 'NAIVE', 'PROACTIVE', 'NAIVE', 'NAIVE', 'NAIVE', 'NAIVE', 'PROACTIVE', 'NAIVE', 'NAIVE', 'NAIVE', 'PROACTIVE', 'NAIVE', 'NAIVE', 'NAIVE', 'NAIVE', 'NAIVE', 'PROACTIVE', 'NAIVE', 'PROACTIVE']"
-29.418871,24,3321.948325,484,abstract_2_0,"['PROACTIVE', 'PROACTIVE', 'PROACTIVE', 'PROACTIVE', 'PROACTIVE', 'PROACTIVE', 'PROACTIVE', 'PROACTIVE', 'PROACTIVE', 'PROACTIVE', 'PROACTIVE', 'PROACTIVE', 'PROACTIVE', 'PROACTIVE', 'PROACTIVE', 'PROACTIVE', 'PROACTIVE', 'PROACTIVE', 'PROACTIVE', 'PROACTIVE', 'PROACTIVE', 'PROACTIVE', 'PROACTIVE', 'PROACTIVE']"
101.876448,27,3397.984932,588,abstract_4_2,"['PROACTIVE', 'NAIVE', 'NAIVE', 'PROACTIVE', 'PROACTIVE', 'PROACTIVE', 'PROACTIVE', 'PROACTIVE', 'PROACTIVE', 'PROACTIVE', 'PROACTIVE', 'PROACTIVE', 'PROACTIVE', 'PROACTIVE', 'NAIVE', 'PROACTIVE', 'PROACTIVE', 'PROACTIVE', 'PROACTIVE', 'PROACTIVE', 'PROACTIVE', 'PROACTIVE', 'PROACTIVE', 'PROACTIVE', 'NAIVE', 'PROACTIVE', 'PROACTIVE']"
27.994912,21,3445.334472,538,abstract_3_3,"['NAIVE', 'PROACTIVE', 'NAIVE', 'PROACTIVE', 'NAIVE', 'NAIVE', 'PROACTIVE', 'PROACTIVE', 'NAIVE', 'PROACTIVE', 'NAIVE', 'PROACTIVE', 'PROACTIVE', 'NAIVE', 'NAIVE', 'PROACTIVE', 'PROACTIVE', 'PROACTIVE', 'PROACTIVE', 'PROACTIVE', 'PROACTIVE']"
133.872342,27,3508.97044,622,abstract_4_3,"['NAIVE', 'PROACTIVE', 'NAIVE', 'NAIVE', 'PROACTIVE', 'NAIVE', 'NAIVE', 'NAIVE', 'PROACTIVE', 'PROACTIVE', 'PROACTIVE', 'PROACTIVE', 'NAIVE', 'NAIVE', 'NAIVE', 'PROACTIVE', 'PROACTIVE', 'NAIVE', 'NAIVE', 'PROACTIVE', 'NAIVE', 'PROACTIVE', 'PROACTIVE', 'PROACTIVE', 'PROACTIVE', 'PROACTIVE', 'PROACTIVE']"
161.798785,31,3572.824675,694,abstract_6_1,"['PROACTIVE', 'PROACTIVE', 'NAIVE', 'PROACTIVE', 'PROACTIVE', 'PROACTIVE', 'NAIVE', 'NAIVE', 'NAIVE', 'NAIVE', 'NAIVE', 'NAIVE', 'PROACTIVE', 'PROACTIVE', 'NAIVE', 'NAIVE', 'NAIVE', 'PROACTIVE', 'PROACTIVE', 'NAIVE', 'PROACTIVE', 'PROACTIVE', 'NAIVE', 'PROACTIVE', 'PROACTIVE', 'PROACTIVE', 'NAIVE', 'PROACTIVE', 'PROACTIVE', 'PROACTIVE', 'PROACTIVE']"
57.971692,22,3615.781072,435,abstract_1_1,"['PROACTIVE', 'NAIVE', 'PROACTIVE', 'NAIVE', 'PROACTIVE', 'NAIVE', 'NAIVE', 'NAIVE', 'NAIVE', 'NAIVE', 'NAIVE', 'NAIVE', 'NAIVE', 'NAIVE', 'NAIVE', 'NAIVE', 'PROACTIVE', 'NAIVE', 'PROACTIVE', 'NAIVE', 'NAIVE', 'NAIVE']"
60.585573,25,3667.288336,1109,abstract_7_0,"['NAIVE', 'NAIVE', 'NAIVE', 'PROACTIVE', 'NAIVE', 'PROACTIVE', 'NAIVE', 'PROACTIVE', 'PROACTIVE', 'PROACTIVE', 'PROACTIVE', 'NAIVE', 'NAIVE', 'NAIVE', 'NAIVE', 'NAIVE', 'PROACTIVE', 'NAIVE', 'NAIVE', 'NAIVE', 'NAIVE', 'NAIVE', 'NAIVE', 'NAIVE', 'PROACTIVE']"
129.025143,18,3704.417618,605,abstract_4_2,"['PROACTIVE', 'PROACTIVE', 'NAIVE', 'PROACTIVE', 'NAIVE', 'PROACTIVE', 'NAIVE', 'NAIVE', 'NAIVE', 'PROACTIVE', 'NAIVE', 'NAIVE', 'PROACTIVE', 'NAIVE', 'NAIVE', 'NAIVE', 'PROACTIVE', 'PROACTIVE']"
121.330075,15,3745.693629,105,abstract_2_2,"['PROACTIVE', 'PROACTIVE', 'PROACTIVE', 'PROACTIVE', 'PROACTIVE', 'PROACTIVE', 'PROACTIVE', 'PROACTIVE', 'PROACTIVE', 'PROACTIVE', 'PROACTIVE', 'PROACTIVE', 'PROACTIVE', 'PROACTIVE', 'PROACTIVE']"
136.775999,21,3808.060513,675,abstract_6_1,"['NAIVE', 'PROACTIVE', 'PROACTIVE', 'PROACTIVE', 'PROACTIVE', 'PROACTIVE', 'PROACTIVE', 'PROACTIVE', 'PROACTIVE', 'PROACTIVE', 'PROACTIVE', 'PROACTIVE', 'PROACTIVE', 'PROACTIVE', 'PROACTIVE', 'PROACTIVE', 'PROACTIVE', 'PROACTIVE', 'PROACTIVE', 'PROACTIVE', 'PROACTIVE']"
-20.095193,19,3856.320626,828,abstract_5_2,"['PROACTIVE', 'PROACTIVE', 'PROACTIVE', 'PROACTIVE', 'PROACTIVE', 'PROACTIVE', 'PROACTIVE', 'PROACTIVE', 'PROACTIVE', 'PROACTIVE', 'PROACTIVE', 'PROACTIVE', 'PROACTIVE', 'NAIVE', 'PROACTIVE', 'PROACTIVE', 'PROACTIVE', 'PROACTIVE', 'PROACTIVE']"
103.532037,20,3905.53731,705,abstract_6_0,"['NAIVE', 'NAIVE', 'PROACTIVE', 'PROACTIVE', 'PROACTIVE', 'NAIVE', 'PROACTIVE', 'PROACTIVE', 'PROACTIVE', 'PROACTIVE', 'PROACTIVE', 'PROACTIVE', 'PROACTIVE', 'PROACTIVE', 'PROACTIVE', 'PROACTIVE', 'PROACTIVE', 'PROACTIVE', 'PROACTIVE', 'PROACTIVE']"
57.708642,19,3954.826168,581,abstract_4_0,"['PROACTIVE', 'NAIVE', 'NAIVE', 'PROACTIVE', 'PROACTIVE', 'PROACTIVE', 'PROACTIVE', 'PROACTIVE', 'PROACTIVE', 'PROACTIVE', 'PROACTIVE', 'PROACTIVE', 'PROACTIVE', 'PROACTIVE', 'PROACTIVE', 'PROACTIVE', 'PROACTIVE', 'PROACTIVE', 'PROACTIVE']"
99.268984,18,4001.431419,576,abstract_4_0,"['PROACTIVE', 'PROACTIVE', 'PROACTIVE', 'PROACTIVE', 'PROACTIVE', 'NAIVE', 'PROACTIVE', 'PROACTIVE', 'PROACTIVE', 'PROACTIVE', 'PROACTIVE', 'PROACTIVE', 'NAIVE', 'PROACTIVE', 'PROACTIVE', 'PROACTIVE', 'PROACTIVE', 'PROACTIVE']"
-2.16358,21,4058.034145,506,abstract_2_3,"['PROACTIVE', 'PROACTIVE', 'PROACTIVE', 'PROACTIVE', 'PROACTIVE', 'PROACTIVE', 'PROACTIVE', 'PROACTIVE', 'PROACTIVE', 'PROACTIVE', 'PROACTIVE', 'PROACTIVE', 'PROACTIVE', 'PROACTIVE', 'PROACTIVE', 'PROACTIVE', 'PROACTIVE', 'PROACTIVE', 'PROACTIVE', 'PROACTIVE', 'NAIVE']"
-8.773925,15,4095.375489,556,abstract_3_2,"['PROACTIVE', 'PROACTIVE', 'PROACTIVE', 'PROACTIVE', 'PROACTIVE', 'PROACTIVE', 'PROACTIVE', 'PROACTIVE', 'PROACTIVE', 'PROACTIVE', 'PROACTIVE', 'PROACTIVE', 'PROACTIVE', 'PROACTIVE', 'PROACTIVE']"
259.708462,18,4139.529105,537,abstract_3_2,"['PROACTIVE', 'PROACTIVE', 'PROACTIVE', 'PROACTIVE', 'PROACTIVE', 'PROACTIVE', 'PROACTIVE', 'PROACTIVE', 'PROACTIVE', 'PROACTIVE', 'PROACTIVE', 'PROACTIVE', 'PROACTIVE', 'PROACTIVE', 'PROACTIVE', 'PROACTIVE', 'PROACTIVE', 'PROACTIVE']"
8.409178,30,4229.279771,561,abstract_3_0,"['PROACTIVE', 'NAIVE', 'PROACTIVE', 'PROACTIVE', 'PROACTIVE', 'NAIVE', 'PROACTIVE', 'PROACTIVE', 'PROACTIVE', 'PROACTIVE', 'NAIVE', 'PROACTIVE', 'PROACTIVE', 'PROACTIVE', 'PROACTIVE', 'PROACTIVE', 'PROACTIVE', 'PROACTIVE', 'PROACTIVE', 'PROACTIVE', 'PROACTIVE', 'PROACTIVE', 'PROACTIVE', 'PROACTIVE', 'PROACTIVE', 'PROACTIVE', 'PROACTIVE', 'PROACTIVE', 'PROACTIVE', 'PROACTIVE']"
160.770432,29,4318.735011,533,abstract_3_0,"['PROACTIVE', 'NAIVE', 'PROACTIVE', 'NAIVE', 'PROACTIVE', 'PROACTIVE', 'NAIVE', 'NAIVE', 'PROACTIVE', 'PROACTIVE', 'PROACTIVE', 'PROACTIVE', 'NAIVE', 'PROACTIVE', 'PROACTIVE', 'PROACTIVE', 'PROACTIVE', 'PROACTIVE', 'PROACTIVE', 'PROACTIVE', 'PROACTIVE', 'PROACTIVE', 'PROACTIVE', 'PROACTIVE', 'PROACTIVE', 'PROACTIVE', 'PROACTIVE', 'PROACTIVE', 'NAIVE']"
232.691373,20,4372.464967,528,abstract_3_0,"['PROACTIVE', 'PROACTIVE', 'PROACTIVE', 'PROACTIVE', 'PROACTIVE', 'PROACTIVE', 'PROACTIVE', 'PROACTIVE', 'PROACTIVE', 'PROACTIVE', 'PROACTIVE', 'PROACTIVE', 'PROACTIVE', 'PROACTIVE', 'PROACTIVE', 'PROACTIVE', 'PROACTIVE', 'PROACTIVE', 'PROACTIVE', 'PROACTIVE']"
138.309172,25,4424.440167,675,abstract_6_1,"['PROACTIVE', 'PROACTIVE', 'NAIVE', 'NAIVE', 'NAIVE', 'PROACTIVE', 'NAIVE', 'PROACTIVE', 'PROACTIVE', 'PROACTIVE', 'NAIVE', 'NAIVE', 'NAIVE', 'NAIVE', 'NAIVE', 'PROACTIVE', 'NAIVE', 'PROACTIVE', 'NAIVE', 'NAIVE', 'PROACTIVE', 'PROACTIVE', 'PROACTIVE', 'NAIVE', 'NAIVE']"
-73.913323,22,4478.240846,721,abstract_7_0,"['PROACTIVE', 'PROACTIVE', 'PROACTIVE', 'NAIVE', 'PROACTIVE', 'PROACTIVE', 'PROACTIVE', 'NAIVE', 'PROACTIVE', 'PROACTIVE', 'PROACTIVE', 'PROACTIVE', 'PROACTIVE', 'PROACTIVE', 'PROACTIVE', 'PROACTIVE', 'NAIVE', 'PROACTIVE', 'PROACTIVE', 'PROACTIVE', 'PROACTIVE', 'PROACTIVE']"
112.20909,19,4533.109829,6,abstract_0_1,"['PROACTIVE', 'PROACTIVE', 'PROACTIVE', 'PROACTIVE', 'PROACTIVE', 'PROACTIVE', 'PROACTIVE', 'PROACTIVE', 'PROACTIVE', 'PROACTIVE', 'PROACTIVE', 'PROACTIVE', 'PROACTIVE', 'PROACTIVE', 'PROACTIVE', 'PROACTIVE', 'PROACTIVE', 'PROACTIVE', 'PROACTIVE']"
35.033829,21,4576.672328,584,abstract_4_2,"['NAIVE', 'NAIVE', 'PROACTIVE', 'PROACTIVE', 'NAIVE', 'PROACTIVE', 'PROACTIVE', 'NAIVE', 'NAIVE', 'PROACTIVE', 'PROACTIVE', 'NAIVE', 'PROACTIVE', 'PROACTIVE', 'PROACTIVE', 'NAIVE', 'PROACTIVE', 'PROACTIVE', 'NAIVE', 'NAIVE', 'PROACTIVE']"
58.361452,25,4634.650835,772,abstract_4_0,"['NAIVE', 'PROACTIVE', 'PROACTIVE', 'PROACTIVE', 'NAIVE', 'PROACTIVE', 'PROACTIVE', 'PROACTIVE', 'PROACTIVE', 'NAIVE', 'NAIVE', 'PROACTIVE', 'PROACTIVE', 'NAIVE', 'PROACTIVE', 'NAIVE', 'PROACTIVE', 'PROACTIVE', 'PROACTIVE', 'PROACTIVE', 'NAIVE', 'NAIVE', 'PROACTIVE', 'PROACTIVE', 'PROACTIVE']"
90.562777,23,4678.198194,12,abstract_0_2,"['PROACTIVE', 'NAIVE', 'PROACTIVE', 'NAIVE', 'NAIVE', 'NAIVE', 'NAIVE', 'NAIVE', 'NAIVE', 'PROACTIVE', 'NAIVE', 'PROACTIVE', 'PROACTIVE', 'NAIVE', 'NAIVE', 'NAIVE', 'PROACTIVE', 'NAIVE', 'NAIVE', 'NAIVE', 'NAIVE', 'NAIVE', 'NAIVE']"
120.011735,25,4731.144187,200,abstract_0_2,"['PROACTIVE', 'PROACTIVE', 'PROACTIVE', 'NAIVE', 'NAIVE', 'NAIVE', 'PROACTIVE', 'PROACTIVE', 'PROACTIVE', 'NAIVE', 'PROACTIVE', 'PROACTIVE', 'PROACTIVE', 'NAIVE', 'NAIVE', 'PROACTIVE', 'NAIVE', 'NAIVE', 'NAIVE', 'NAIVE', 'PROACTIVE', 'NAIVE', 'PROACTIVE', 'PROACTIVE', 'NAIVE']"
170.029062,18,4763.417221,824,abstract_5_2,"['PROACTIVE', 'PROACTIVE', 'NAIVE', 'NAIVE', 'NAIVE', 'NAIVE', 'NAIVE', 'NAIVE', 'NAIVE', 'NAIVE', 'NAIVE', 'NAIVE', 'PROACTIVE', 'PROACTIVE', 'PROACTIVE', 'PROACTIVE', 'PROACTIVE', 'NAIVE']"
272.060864,18,4810.279993,675,abstract_6_1,"['NAIVE', 'PROACTIVE', 'PROACTIVE', 'PROACTIVE', 'PROACTIVE', 'PROACTIVE', 'PROACTIVE', 'PROACTIVE', 'PROACTIVE', 'PROACTIVE', 'PROACTIVE', 'PROACTIVE', 'PROACTIVE', 'PROACTIVE', 'PROACTIVE', 'PROACTIVE', 'PROACTIVE', 'PROACTIVE']"
111.685665,25,4862.253637,460,abstract_1_2,"['PROACTIVE', 'NAIVE', 'PROACTIVE', 'PROACTIVE', 'NAIVE', 'NAIVE', 'NAIVE', 'NAIVE', 'NAIVE', 'NAIVE', 'NAIVE', 'NAIVE', 'PROACTIVE', 'NAIVE', 'NAIVE', 'NAIVE', 'NAIVE', 'NAIVE', 'NAIVE', 'NAIVE', 'NAIVE', 'PROACTIVE', 'NAIVE', 'PROACTIVE', 'PROACTIVE']"
41.932925,27,4937.213501,391,abstract_0_1,"['NAIVE', 'PROACTIVE', 'PROACTIVE', 'PROACTIVE', 'PROACTIVE', 'PROACTIVE', 'PROACTIVE', 'PROACTIVE', 'PROACTIVE', 'PROACTIVE', 'PROACTIVE', 'PROACTIVE', 'PROACTIVE', 'PROACTIVE', 'PROACTIVE', 'PROACTIVE', 'PROACTIVE', 'PROACTIVE', 'PROACTIVE', 'PROACTIVE', 'PROACTIVE', 'PROACTIVE', 'PROACTIVE', 'PROACTIVE', 'PROACTIVE', 'PROACTIVE', 'PROACTIVE']"
80.678382,22,5009.409428,580,abstract_4_0,"['PROACTIVE', 'PROACTIVE', 'PROACTIVE', 'PROACTIVE', 'PROACTIVE', 'PROACTIVE', 'PROACTIVE', 'PROACTIVE', 'PROACTIVE', 'PROACTIVE', 'PROACTIVE', 'PROACTIVE', 'PROACTIVE', 'PROACTIVE', 'PROACTIVE', 'PROACTIVE', 'PROACTIVE', 'PROACTIVE', 'PROACTIVE', 'PROACTIVE', 'PROACTIVE', 'PROACTIVE']"
156.079179,26,5090.957937,831,abstract_5_3,"['PROACTIVE', 'PROACTIVE', 'PROACTIVE', 'PROACTIVE', 'PROACTIVE', 'NAIVE', 'PROACTIVE', 'PROACTIVE', 'PROACTIVE', 'PROACTIVE', 'PROACTIVE', 'NAIVE', 'PROACTIVE', 'PROACTIVE', 'PROACTIVE', 'PROACTIVE', 'PROACTIVE', 'PROACTIVE', 'PROACTIVE', 'PROACTIVE', 'PROACTIVE', 'PROACTIVE', 'PROACTIVE', 'PROACTIVE', 'PROACTIVE', 'PROACTIVE']"
278.813151,18,5139.362982,1063,abstract_6_1,"['PROACTIVE', 'PROACTIVE', 'PROACTIVE', 'PROACTIVE', 'PROACTIVE', 'PROACTIVE', 'PROACTIVE', 'PROACTIVE', 'PROACTIVE', 'PROACTIVE', 'PROACTIVE', 'PROACTIVE', 'PROACTIVE', 'PROACTIVE', 'PROACTIVE', 'PROACTIVE', 'PROACTIVE', 'PROACTIVE']"
126.860664,17,5178.420539,627,abstract_5_1,"['PROACTIVE', 'NAIVE', 'PROACTIVE', 'PROACTIVE', 'PROACTIVE', 'PROACTIVE', 'NAIVE', 'PROACTIVE', 'PROACTIVE', 'PROACTIVE', 'PROACTIVE', 'PROACTIVE', 'PROACTIVE', 'PROACTIVE', 'PROACTIVE', 'PROACTIVE', 'PROACTIVE']"
109.268113,19,5230.867526,553,abstract_3_2,"['PROACTIVE', 'PROACTIVE', 'PROACTIVE', 'PROACTIVE', 'PROACTIVE', 'PROACTIVE', 'PROACTIVE', 'PROACTIVE', 'PROACTIVE', 'PROACTIVE', 'PROACTIVE', 'PROACTIVE', 'PROACTIVE', 'PROACTIVE', 'PROACTIVE', 'PROACTIVE', 'PROACTIVE', 'PROACTIVE', 'PROACTIVE']"
252.232772,18,5278.049903,392,abstract_0_2,"['PROACTIVE', 'PROACTIVE', 'PROACTIVE', 'PROACTIVE', 'PROACTIVE', 'PROACTIVE', 'PROACTIVE', 'PROACTIVE', 'PROACTIVE', 'PROACTIVE', 'PROACTIVE', 'PROACTIVE', 'PROACTIVE', 'PROACTIVE', 'PROACTIVE', 'PROACTIVE', 'PROACTIVE', 'PROACTIVE']"
110.516679,25,5356.837036,472,abstract_1_2,"['NAIVE', 'PROACTIVE', 'PROACTIVE', 'NAIVE', 'PROACTIVE', 'PROACTIVE', 'PROACTIVE', 'PROACTIVE', 'PROACTIVE', 'PROACTIVE', 'NAIVE', 'PROACTIVE', 'PROACTIVE', 'NAIVE', 'PROACTIVE', 'PROACTIVE', 'PROACTIVE', 'PROACTIVE', 'PROACTIVE', 'PROACTIVE', 'PROACTIVE', 'PROACTIVE', 'NAIVE', 'PROACTIVE', 'PROACTIVE']"
72.227888,18,5403.397729,922,abstract_7_3,"['PROACTIVE', 'PROACTIVE', 'PROACTIVE', 'PROACTIVE', 'PROACTIVE', 'PROACTIVE', 'PROACTIVE', 'NAIVE', 'PROACTIVE', 'PROACTIVE', 'PROACTIVE', 'PROACTIVE', 'NAIVE', 'PROACTIVE', 'PROACTIVE', 'PROACTIVE', 'NAIVE', 'PROACTIVE']"
49.17054,25,5472.394067,735,abstract_7_3,"['PROACTIVE', 'PROACTIVE', 'PROACTIVE', 'PROACTIVE', 'PROACTIVE', 'PROACTIVE', 'PROACTIVE', 'NAIVE', 'PROACTIVE', 'PROACTIVE', 'PROACTIVE', 'PROACTIVE', 'PROACTIVE', 'PROACTIVE', 'PROACTIVE', 'PROACTIVE', 'PROACTIVE', 'PROACTIVE', 'PROACTIVE', 'PROACTIVE', 'PROACTIVE', 'PROACTIVE', 'PROACTIVE', 'PROACTIVE', 'PROACTIVE']"
167.035825,17,5505.977268,1112,abstract_7_2,"['PROACTIVE', 'PROACTIVE', 'NAIVE', 'NAIVE', 'PROACTIVE', 'NAIVE', 'NAIVE', 'PROACTIVE', 'PROACTIVE', 'NAIVE', 'PROACTIVE', 'NAIVE', 'PROACTIVE', 'PROACTIVE', 'PROACTIVE', 'PROACTIVE', 'PROACTIVE']"
271.576257,19,5559.325866,586,abstract_4_3,"['PROACTIVE', 'PROACTIVE', 'PROACTIVE', 'PROACTIVE', 'PROACTIVE', 'PROACTIVE', 'PROACTIVE', 'PROACTIVE', 'PROACTIVE', 'PROACTIVE', 'PROACTIVE', 'PROACTIVE', 'PROACTIVE', 'PROACTIVE', 'PROACTIVE', 'PROACTIVE', 'PROACTIVE', 'PROACTIVE', 'PROACTIVE']"
55.402244,30,5644.021053,393,abstract_0_2,"['NAIVE', 'NAIVE', 'NAIVE', 'PROACTIVE', 'NAIVE', 'NAIVE', 'PROACTIVE', 'PROACTIVE', 'PROACTIVE', 'PROACTIVE', 'PROACTIVE', 'NAIVE', 'NAIVE', 'PROACTIVE', 'PROACTIVE', 'PROACTIVE', 'PROACTIVE', 'PROACTIVE', 'PROACTIVE', 'PROACTIVE', 'PROACTIVE', 'PROACTIVE', 'PROACTIVE', 'PROACTIVE', 'PROACTIVE', 'PROACTIVE', 'PROACTIVE', 'PROACTIVE', 'PROACTIVE', 'PROACTIVE']"
50.083661,30,5743.977692,396,abstract_0_2,"['NAIVE', 'PROACTIVE', 'PROACTIVE', 'PROACTIVE', 'PROACTIVE', 'PROACTIVE', 'PROACTIVE', 'PROACTIVE', 'PROACTIVE', 'PROACTIVE', 'PROACTIVE', 'PROACTIVE', 'PROACTIVE', 'PROACTIVE', 'PROACTIVE', 'PROACTIVE', 'PROACTIVE', 'PROACTIVE', 'PROACTIVE', 'PROACTIVE', 'PROACTIVE', 'PROACTIVE', 'PROACTIVE', 'PROACTIVE', 'PROACTIVE', 'PROACTIVE', 'PROACTIVE', 'PROACTIVE', 'PROACTIVE', 'PROACTIVE']"
-46.831637,21,5801.918772,388,abstract_0_0,"['PROACTIVE', 'PROACTIVE', 'PROACTIVE', 'PROACTIVE', 'PROACTIVE', 'PROACTIVE', 'PROACTIVE', 'PROACTIVE', 'PROACTIVE', 'PROACTIVE', 'PROACTIVE', 'PROACTIVE', 'PROACTIVE', 'PROACTIVE', 'PROACTIVE', 'PROACTIVE', 'PROACTIVE', 'PROACTIVE', 'PROACTIVE', 'PROACTIVE', 'PROACTIVE']"
95.002324,18,5845.693187,55,abstract_1_1,"['PROACTIVE', 'PROACTIVE', 'PROACTIVE', 'PROACTIVE', 'NAIVE', 'NAIVE', 'NAIVE', 'NAIVE', 'PROACTIVE', 'PROACTIVE', 'PROACTIVE', 'PROACTIVE', 'NAIVE', 'PROACTIVE', 'PROACTIVE', 'PROACTIVE', 'PROACTIVE', 'PROACTIVE']"
31.157001,28,5898.082583,727,abstract_7_1,"['NAIVE', 'NAIVE', 'NAIVE', 'NAIVE', 'NAIVE', 'NAIVE', 'NAIVE', 'PROACTIVE', 'NAIVE', 'NAIVE', 'NAIVE', 'NAIVE', 'NAIVE', 'PROACTIVE', 'NAIVE', 'NAIVE', 'PROACTIVE', 'PROACTIVE', 'PROACTIVE', 'NAIVE', 'NAIVE', 'NAIVE', 'NAIVE', 'NAIVE', 'PROACTIVE', 'NAIVE', 'PROACTIVE', 'NAIVE']"
140.622701,22,5943.580375,571,abstract_3_3,"['PROACTIVE', 'PROACTIVE', 'NAIVE', 'NAIVE', 'NAIVE', 'NAIVE', 'PROACTIVE', 'PROACTIVE', 'NAIVE', 'PROACTIVE', 'NAIVE', 'NAIVE', 'NAIVE', 'PROACTIVE', 'NAIVE', 'PROACTIVE', 'NAIVE', 'PROACTIVE', 'PROACTIVE', 'NAIVE', 'PROACTIVE', 'PROACTIVE']"
57.532193,28,6015.612306,470,abstract_1_1,"['PROACTIVE', 'NAIVE', 'NAIVE', 'NAIVE', 'PROACTIVE', 'PROACTIVE', 'PROACTIVE', 'PROACTIVE', 'PROACTIVE', 'PROACTIVE', 'NAIVE', 'NAIVE', 'PROACTIVE', 'PROACTIVE', 'PROACTIVE', 'PROACTIVE', 'PROACTIVE', 'PROACTIVE', 'NAIVE', 'NAIVE', 'PROACTIVE', 'PROACTIVE', 'PROACTIVE', 'PROACTIVE', 'PROACTIVE', 'NAIVE', 'PROACTIVE', 'PROACTIVE']"
95.381353,19,6062.324439,566,abstract_3_1,"['PROACTIVE', 'PROACTIVE', 'PROACTIVE', 'PROACTIVE', 'NAIVE', 'PROACTIVE', 'PROACTIVE', 'PROACTIVE', 'NAIVE', 'PROACTIVE', 'PROACTIVE', 'PROACTIVE', 'PROACTIVE', 'PROACTIVE', 'NAIVE', 'PROACTIVE', 'PROACTIVE', 'PROACTIVE', 'PROACTIVE']"
50.763962,27,6132.890592,679,abstract_6_1,"['NAIVE', 'PROACTIVE', 'PROACTIVE', 'NAIVE', 'NAIVE', 'NAIVE', 'NAIVE', 'PROACTIVE', 'PROACTIVE', 'NAIVE', 'NAIVE', 'PROACTIVE', 'PROACTIVE', 'NAIVE', 'PROACTIVE', 'PROACTIVE', 'PROACTIVE', 'PROACTIVE', 'PROACTIVE', 'PROACTIVE', 'NAIVE', 'PROACTIVE', 'PROACTIVE', 'PROACTIVE', 'PROACTIVE', 'PROACTIVE', 'PROACTIVE']"
105.750037,20,6175.654108,676,abstract_6_0,"['NAIVE', 'NAIVE', 'NAIVE', 'PROACTIVE', 'NAIVE', 'NAIVE', 'PROACTIVE', 'PROACTIVE', 'PROACTIVE', 'PROACTIVE', 'PROACTIVE', 'NAIVE', 'NAIVE', 'PROACTIVE', 'PROACTIVE', 'NAIVE', 'PROACTIVE', 'PROACTIVE', 'PROACTIVE', 'PROACTIVE']"
32.718867,21,6222.261664,3,abstract_0_1,"['PROACTIVE', 'PROACTIVE', 'PROACTIVE', 'PROACTIVE', 'NAIVE', 'PROACTIVE', 'PROACTIVE', 'PROACTIVE', 'NAIVE', 'PROACTIVE', 'PROACTIVE', 'PROACTIVE', 'NAIVE', 'NAIVE', 'PROACTIVE', 'NAIVE', 'NAIVE', 'PROACTIVE', 'PROACTIVE', 'NAIVE', 'PROACTIVE']"
17.821867,16,6255.535639,397,abstract_0_2,"['NAIVE', 'NAIVE', 'PROACTIVE', 'PROACTIVE', 'PROACTIVE', 'PROACTIVE', 'PROACTIVE', 'PROACTIVE', 'NAIVE', 'PROACTIVE', 'PROACTIVE', 'NAIVE', 'NAIVE', 'PROACTIVE', 'PROACTIVE', 'NAIVE']"
90.643826,16,6288.585169,18,abstract_0_1,"['NAIVE', 'NAIVE', 'PROACTIVE', 'NAIVE', 'NAIVE', 'NAIVE', 'NAIVE', 'PROACTIVE', 'NAIVE', 'PROACTIVE', 'NAIVE', 'NAIVE', 'NAIVE', 'PROACTIVE', 'NAIVE', 'PROACTIVE']"
61.822476,24,6342.780295,586,abstract_4_3,"['PROACTIVE', 'NAIVE', 'PROACTIVE', 'NAIVE', 'PROACTIVE', 'PROACTIVE', 'NAIVE', 'NAIVE', 'NAIVE', 'NAIVE', 'NAIVE', 'NAIVE', 'PROACTIVE', 'PROACTIVE', 'NAIVE', 'NAIVE', 'NAIVE', 'PROACTIVE', 'NAIVE', 'NAIVE', 'PROACTIVE', 'NAIVE', 'NAIVE', 'PROACTIVE']"
142.318723,18,6390.833005,635,abstract_5_3,"['PROACTIVE', 'NAIVE', 'PROACTIVE', 'PROACTIVE', 'PROACTIVE', 'NAIVE', 'PROACTIVE', 'PROACTIVE', 'PROACTIVE', 'PROACTIVE', 'PROACTIVE', 'PROACTIVE', 'PROACTIVE', 'PROACTIVE', 'PROACTIVE', 'PROACTIVE', 'PROACTIVE', 'PROACTIVE']"
250.149752,19,6439.149058,440,abstract_1_2,"['PROACTIVE', 'PROACTIVE', 'PROACTIVE', 'PROACTIVE', 'PROACTIVE', 'PROACTIVE', 'PROACTIVE', 'PROACTIVE', 'PROACTIVE', 'PROACTIVE', 'PROACTIVE', 'PROACTIVE', 'PROACTIVE', 'PROACTIVE', 'PROACTIVE', 'PROACTIVE', 'PROACTIVE', 'PROACTIVE', 'PROACTIVE']"
132.829239,26,6519.753453,621,abstract_4_2,"['NAIVE', 'PROACTIVE', 'PROACTIVE', 'PROACTIVE', 'PROACTIVE', 'PROACTIVE', 'PROACTIVE', 'PROACTIVE', 'PROACTIVE', 'PROACTIVE', 'PROACTIVE', 'PROACTIVE', 'PROACTIVE', 'PROACTIVE', 'PROACTIVE', 'PROACTIVE', 'PROACTIVE', 'PROACTIVE', 'PROACTIVE', 'PROACTIVE', 'PROACTIVE', 'PROACTIVE', 'PROACTIVE', 'PROACTIVE', 'PROACTIVE', 'PROACTIVE']"
106.325537,17,6560.6854,584,abstract_4_2,"['PROACTIVE', 'PROACTIVE', 'PROACTIVE', 'NAIVE', 'PROACTIVE', 'PROACTIVE', 'PROACTIVE', 'PROACTIVE', 'PROACTIVE', 'PROACTIVE', 'PROACTIVE', 'PROACTIVE', 'PROACTIVE', 'PROACTIVE', 'PROACTIVE', 'PROACTIVE', 'PROACTIVE']"
129.948026,30,6643.694651,584,abstract_4_2,"['NAIVE', 'PROACTIVE', 'PROACTIVE', 'PROACTIVE', 'PROACTIVE', 'PROACTIVE', 'PROACTIVE', 'PROACTIVE', 'PROACTIVE', 'PROACTIVE', 'PROACTIVE', 'PROACTIVE', 'PROACTIVE', 'PROACTIVE', 'PROACTIVE', 'PROACTIVE', 'NAIVE', 'PROACTIVE', 'PROACTIVE', 'PROACTIVE', 'PROACTIVE', 'PROACTIVE', 'PROACTIVE', 'PROACTIVE', 'PROACTIVE', 'PROACTIVE', 'PROACTIVE', 'PROACTIVE', 'PROACTIVE', 'PROACTIVE']"
15.186464,24,6712.969139,694,abstract_6_1,"['PROACTIVE', 'PROACTIVE', 'PROACTIVE', 'PROACTIVE', 'PROACTIVE', 'PROACTIVE', 'PROACTIVE', 'PROACTIVE', 'PROACTIVE', 'PROACTIVE', 'PROACTIVE', 'PROACTIVE', 'PROACTIVE', 'PROACTIVE', 'PROACTIVE', 'PROACTIVE', 'PROACTIVE', 'PROACTIVE', 'PROACTIVE', 'PROACTIVE', 'PROACTIVE', 'PROACTIVE', 'PROACTIVE', 'PROACTIVE']"
0.761585,29,6793.739429,754,abstract_7_1,"['PROACTIVE', 'NAIVE', 'PROACTIVE', 'PROACTIVE', 'PROACTIVE', 'NAIVE', 'PROACTIVE', 'NAIVE', 'NAIVE', 'NAIVE', 'PROACTIVE', 'PROACTIVE', 'PROACTIVE', 'NAIVE', 'PROACTIVE', 'PROACTIVE', 'PROACTIVE', 'NAIVE', 'PROACTIVE', 'PROACTIVE', 'PROACTIVE', 'PROACTIVE', 'NAIVE', 'PROACTIVE', 'PROACTIVE', 'NAIVE', 'NAIVE', 'PROACTIVE', 'PROACTIVE']"
109.068469,19,6840.870864,678,abstract_6_1,"['NAIVE', 'PROACTIVE', 'NAIVE', 'NAIVE', 'PROACTIVE', 'PROACTIVE', 'PROACTIVE', 'PROACTIVE', 'PROACTIVE', 'PROACTIVE', 'NAIVE', 'PROACTIVE', 'PROACTIVE', 'PROACTIVE', 'PROACTIVE', 'PROACTIVE', 'PROACTIVE', 'PROACTIVE', 'PROACTIVE']"
41.418364,20,6881.187038,590,abstract_4_3,"['NAIVE', 'NAIVE', 'PROACTIVE', 'PROACTIVE', 'NAIVE', 'NAIVE', 'PROACTIVE', 'PROACTIVE', 'PROACTIVE', 'NAIVE', 'NAIVE', 'PROACTIVE', 'PROACTIVE', 'PROACTIVE', 'PROACTIVE', 'NAIVE', 'PROACTIVE', 'NAIVE', 'NAIVE', 'NAIVE']"
69.42256,30,6965.06058,638,abstract_5_3,"['NAIVE', 'NAIVE', 'PROACTIVE', 'PROACTIVE', 'NAIVE', 'NAIVE', 'PROACTIVE', 'PROACTIVE', 'PROACTIVE', 'PROACTIVE', 'PROACTIVE', 'NAIVE', 'NAIVE', 'PROACTIVE', 'PROACTIVE', 'NAIVE', 'PROACTIVE', 'PROACTIVE', 'PROACTIVE', 'PROACTIVE', 'PROACTIVE', 'NAIVE', 'PROACTIVE', 'PROACTIVE', 'PROACTIVE', 'PROACTIVE', 'PROACTIVE', 'PROACTIVE', 'PROACTIVE', 'PROACTIVE']"
56.052456,26,7021.367818,529,abstract_3_0,"['PROACTIVE', 'NAIVE', 'NAIVE', 'PROACTIVE', 'PROACTIVE', 'NAIVE', 'NAIVE', 'NAIVE', 'PROACTIVE', 'NAIVE', 'NAIVE', 'PROACTIVE', 'PROACTIVE', 'NAIVE', 'PROACTIVE', 'NAIVE', 'PROACTIVE', 'PROACTIVE', 'PROACTIVE', 'NAIVE', 'NAIVE', 'NAIVE', 'PROACTIVE', 'NAIVE', 'NAIVE', 'PROACTIVE']"
-12.382057,22,7068.20382,469,abstract_1_0,"['PROACTIVE', 'NAIVE', 'PROACTIVE', 'NAIVE', 'PROACTIVE', 'NAIVE', 'PROACTIVE', 'PROACTIVE', 'PROACTIVE', 'PROACTIVE', 'NAIVE', 'NAIVE', 'NAIVE', 'NAIVE', 'NAIVE', 'NAIVE', 'NAIVE', 'PROACTIVE', 'NAIVE', 'NAIVE', 'NAIVE', 'NAIVE']"
260.632922,16,7105.113016,152,abstract_3_2,"['PROACTIVE', 'NAIVE', 'PROACTIVE', 'PROACTIVE', 'PROACTIVE', 'PROACTIVE', 'PROACTIVE', 'PROACTIVE', 'PROACTIVE', 'PROACTIVE', 'PROACTIVE', 'PROACTIVE', 'PROACTIVE', 'PROACTIVE', 'PROACTIVE', 'PROACTIVE']"
257.792173,18,7142.956764,915,abstract_7_1,"['PROACTIVE', 'PROACTIVE', 'PROACTIVE', 'NAIVE', 'NAIVE', 'PROACTIVE', 'PROACTIVE', 'NAIVE', 'NAIVE', 'NAIVE', 'PROACTIVE', 'PROACTIVE', 'PROACTIVE', 'PROACTIVE', 'PROACTIVE', 'PROACTIVE', 'PROACTIVE', 'PROACTIVE']"
115.038389,20,7189.861571,490,abstract_2_3,"['NAIVE', 'PROACTIVE', 'PROACTIVE', 'PROACTIVE', 'NAIVE', 'PROACTIVE', 'PROACTIVE', 'PROACTIVE', 'NAIVE', 'PROACTIVE', 'PROACTIVE', 'PROACTIVE', 'PROACTIVE', 'PROACTIVE', 'PROACTIVE', 'PROACTIVE', 'PROACTIVE', 'PROACTIVE', 'PROACTIVE', 'PROACTIVE']"
163.543399,16,7230.94962,155,abstract_3_3,"['PROACTIVE', 'PROACTIVE', 'PROACTIVE', 'PROACTIVE', 'PROACTIVE', 'PROACTIVE', 'NAIVE', 'PROACTIVE', 'PROACTIVE', 'PROACTIVE', 'PROACTIVE', 'PROACTIVE', 'PROACTIVE', 'PROACTIVE', 'PROACTIVE', 'PROACTIVE']"
107.23478,16,7268.633703,104,abstract_2_2,"['PROACTIVE', 'PROACTIVE', 'PROACTIVE', 'PROACTIVE', 'PROACTIVE', 'PROACTIVE', 'PROACTIVE', 'PROACTIVE', 'PROACTIVE', 'PROACTIVE', 'PROACTIVE', 'PROACTIVE', 'PROACTIVE', 'PROACTIVE', 'PROACTIVE', 'PROACTIVE']"
258.286377,17,8359.033991,1017,abstract_5_2,"['PROACTIVE', 'PROACTIVE', 'PROACTIVE', 'PROACTIVE', 'PROACTIVE', 'PROACTIVE', 'NAIVE', 'PROACTIVE', 'PROACTIVE', 'PROACTIVE', 'PROACTIVE', 'PROACTIVE', 'PROACTIVE', 'PROACTIVE', 'PROACTIVE', 'PROACTIVE', 'PROACTIVE']"
20.430493,20,8616.753562,580,abstract_4_0,"['NAIVE', 'PROACTIVE', 'PROACTIVE', 'PROACTIVE', 'NAIVE', 'PROACTIVE', 'NAIVE', 'NAIVE', 'PROACTIVE', 'NAIVE', 'NAIVE', 'PROACTIVE', 'NAIVE', 'NAIVE', 'NAIVE', 'NAIVE', 'NAIVE', 'NAIVE', 'NAIVE', 'PROACTIVE']"
97.731116,27,9637.738102,471,abstract_1_1,"['PROACTIVE', 'PROACTIVE', 'PROACTIVE', 'PROACTIVE', 'PROACTIVE', 'PROACTIVE', 'PROACTIVE', 'PROACTIVE', 'PROACTIVE', 'PROACTIVE', 'PROACTIVE', 'PROACTIVE', 'PROACTIVE', 'PROACTIVE', 'PROACTIVE', 'PROACTIVE', 'PROACTIVE', 'PROACTIVE', 'PROACTIVE', 'PROACTIVE', 'PROACTIVE', 'PROACTIVE', 'PROACTIVE', 'PROACTIVE', 'PROACTIVE', 'PROACTIVE', 'PROACTIVE']"
85.177111,18,10214.570112,918,abstract_7_1,"['NAIVE', 'PROACTIVE', 'PROACTIVE', 'PROACTIVE', 'NAIVE', 'PROACTIVE', 'PROACTIVE', 'NAIVE', 'PROACTIVE', 'PROACTIVE', 'NAIVE', 'NAIVE', 'PROACTIVE', 'NAIVE', 'PROACTIVE', 'PROACTIVE', 'PROACTIVE', 'PROACTIVE']"
123.336488,20,10255.100759,728,abstract_7_2,"['PROACTIVE', 'NAIVE', 'NAIVE', 'NAIVE', 'NAIVE', 'PROACTIVE', 'NAIVE', 'NAIVE', 'NAIVE', 'PROACTIVE', 'PROACTIVE', 'PROACTIVE', 'NAIVE', 'PROACTIVE', 'PROACTIVE', 'NAIVE', 'PROACTIVE', 'NAIVE', 'NAIVE', 'NAIVE']"
248.843748,17,10690.173226,674,abstract_6_1,"['PROACTIVE', 'PROACTIVE', 'PROACTIVE', 'PROACTIVE', 'PROACTIVE', 'PROACTIVE', 'PROACTIVE', 'PROACTIVE', 'PROACTIVE', 'PROACTIVE', 'PROACTIVE', 'PROACTIVE', 'PROACTIVE', 'PROACTIVE', 'PROACTIVE', 'PROACTIVE', 'PROACTIVE']"
63.780428,22,11052.196899,578,abstract_4_1,"['PROACTIVE', 'PROACTIVE', 'PROACTIVE', 'PROACTIVE', 'PROACTIVE', 'NAIVE', 'NAIVE', 'PROACTIVE', 'NAIVE', 'PROACTIVE', 'PROACTIVE', 'NAIVE', 'PROACTIVE', 'NAIVE', 'PROACTIVE', 'NAIVE', 'NAIVE', 'NAIVE', 'NAIVE', 'NAIVE', 'PROACTIVE', 'NAIVE']"
24.260457,18,11223.816484,482,abstract_2_1,"['PROACTIVE', 'NAIVE', 'NAIVE', 'NAIVE', 'PROACTIVE', 'PROACTIVE', 'NAIVE', 'PROACTIVE', 'PROACTIVE', 'PROACTIVE', 'PROACTIVE', 'NAIVE', 'NAIVE', 'NAIVE', 'NAIVE', 'NAIVE', 'PROACTIVE', 'NAIVE']"
75.061941,23,11274.503855,771,abstract_4_1,"['PROACTIVE', 'PROACTIVE', 'PROACTIVE', 'PROACTIVE', 'NAIVE', 'NAIVE', 'NAIVE', 'NAIVE', 'NAIVE', 'NAIVE', 'NAIVE', 'NAIVE', 'NAIVE', 'NAIVE', 'NAIVE', 'NAIVE', 'PROACTIVE', 'NAIVE', 'NAIVE', 'NAIVE', 'NAIVE', 'NAIVE', 'PROACTIVE']"
107.674923,19,11367.222394,1057,abstract_6_0,"['NAIVE', 'PROACTIVE', 'PROACTIVE', 'PROACTIVE', 'PROACTIVE', 'PROACTIVE', 'PROACTIVE', 'NAIVE', 'PROACTIVE', 'PROACTIVE', 'PROACTIVE', 'PROACTIVE', 'PROACTIVE', 'PROACTIVE', 'PROACTIVE', 'PROACTIVE', 'PROACTIVE', 'PROACTIVE', 'PROACTIVE']"
69.536489,19,11402.097083,772,abstract_4_0,"['PROACTIVE', 'NAIVE', 'PROACTIVE', 'PROACTIVE', 'PROACTIVE', 'PROACTIVE', 'NAIVE', 'NAIVE', 'NAIVE', 'NAIVE', 'NAIVE', 'NAIVE', 'NAIVE', 'NAIVE', 'NAIVE', 'NAIVE', 'NAIVE', 'NAIVE', 'PROACTIVE']"
243.760846,17,11441.652438,341,abstract_3_0,"['PROACTIVE', 'PROACTIVE', 'PROACTIVE', 'NAIVE', 'PROACTIVE', 'PROACTIVE', 'PROACTIVE', 'PROACTIVE', 'PROACTIVE', 'PROACTIVE', 'PROACTIVE', 'PROACTIVE', 'PROACTIVE', 'PROACTIVE', 'PROACTIVE', 'PROACTIVE', 'PROACTIVE']"
27.244171,23,11486.13619,687,abstract_6_3,"['NAIVE', 'NAIVE', 'NAIVE', 'PROACTIVE', 'PROACTIVE', 'PROACTIVE', 'PROACTIVE', 'NAIVE', 'PROACTIVE', 'NAIVE', 'NAIVE', 'NAIVE', 'PROACTIVE', 'NAIVE', 'NAIVE', 'NAIVE', 'NAIVE', 'NAIVE', 'NAIVE', 'NAIVE', 'NAIVE', 'PROACTIVE', 'NAIVE']"
140.359057,26,11565.54564,435,abstract_1_1,"['PROACTIVE', 'PROACTIVE', 'PROACTIVE', 'PROACTIVE', 'PROACTIVE', 'PROACTIVE', 'PROACTIVE', 'PROACTIVE', 'PROACTIVE', 'PROACTIVE', 'PROACTIVE', 'PROACTIVE', 'PROACTIVE', 'PROACTIVE', 'PROACTIVE', 'PROACTIVE', 'PROACTIVE', 'PROACTIVE', 'NAIVE', 'PROACTIVE', 'PROACTIVE', 'PROACTIVE', 'PROACTIVE', 'PROACTIVE', 'PROACTIVE', 'PROACTIVE']"
105.322531,29,11620.557683,248,abstract_1_2,"['PROACTIVE', 'PROACTIVE', 'PROACTIVE', 'PROACTIVE', 'NAIVE', 'NAIVE', 'NAIVE', 'NAIVE', 'NAIVE', 'NAIVE', 'NAIVE', 'PROACTIVE', 'NAIVE', 'NAIVE', 'NAIVE', 'NAIVE', 'PROACTIVE', 'NAIVE', 'PROACTIVE', 'PROACTIVE', 'PROACTIVE', 'PROACTIVE', 'NAIVE', 'NAIVE', 'PROACTIVE', 'NAIVE', 'PROACTIVE', 'NAIVE', 'NAIVE']"
76.121735,25,11673.259955,539,abstract_3_3,"['PROACTIVE', 'NAIVE', 'PROACTIVE', 'PROACTIVE', 'NAIVE', 'NAIVE', 'PROACTIVE', 'PROACTIVE', 'PROACTIVE', 'PROACTIVE', 'NAIVE', 'NAIVE', 'NAIVE', 'NAIVE', 'NAIVE', 'PROACTIVE', 'PROACTIVE', 'NAIVE', 'NAIVE', 'NAIVE', 'NAIVE', 'NAIVE', 'PROACTIVE', 'PROACTIVE', 'PROACTIVE']"
120.379434,28,11727.817501,435,abstract_1_1,"['NAIVE', 'NAIVE', 'NAIVE', 'NAIVE', 'NAIVE', 'PROACTIVE', 'PROACTIVE', 'NAIVE', 'NAIVE', 'NAIVE', 'NAIVE', 'NAIVE', 'NAIVE', 'PROACTIVE', 'PROACTIVE', 'PROACTIVE', 'PROACTIVE', 'NAIVE', 'NAIVE', 'PROACTIVE', 'PROACTIVE', 'NAIVE', 'NAIVE', 'PROACTIVE', 'NAIVE', 'NAIVE', 'NAIVE', 'PROACTIVE']"
242.299135,17,11768.656511,962,abstract_4_1,"['PROACTIVE', 'PROACTIVE', 'NAIVE', 'PROACTIVE', 'NAIVE', 'NAIVE', 'PROACTIVE', 'NAIVE', 'PROACTIVE', 'PROACTIVE', 'PROACTIVE', 'PROACTIVE', 'PROACTIVE', 'PROACTIVE', 'PROACTIVE', 'PROACTIVE', 'PROACTIVE']"
251.955271,18,11817.954989,293,abstract_2_0,"['PROACTIVE', 'PROACTIVE', 'PROACTIVE', 'PROACTIVE', 'PROACTIVE', 'PROACTIVE', 'PROACTIVE', 'PROACTIVE', 'PROACTIVE', 'PROACTIVE', 'PROACTIVE', 'PROACTIVE', 'PROACTIVE', 'PROACTIVE', 'PROACTIVE', 'PROACTIVE', 'PROACTIVE', 'PROACTIVE']"
92.503147,16,11857.158415,197,abstract_0_0,"['PROACTIVE', 'PROACTIVE', 'PROACTIVE', 'PROACTIVE', 'PROACTIVE', 'PROACTIVE', 'PROACTIVE', 'PROACTIVE', 'NAIVE', 'PROACTIVE', 'PROACTIVE', 'PROACTIVE', 'PROACTIVE', 'PROACTIVE', 'PROACTIVE', 'PROACTIVE']"
141.239093,26,11935.193386,712,abstract_6_2,"['NAIVE', 'NAIVE', 'PROACTIVE', 'PROACTIVE', 'PROACTIVE', 'PROACTIVE', 'PROACTIVE', 'PROACTIVE', 'PROACTIVE', 'PROACTIVE', 'PROACTIVE', 'PROACTIVE', 'PROACTIVE', 'NAIVE', 'PROACTIVE', 'PROACTIVE', 'PROACTIVE', 'PROACTIVE', 'PROACTIVE', 'PROACTIVE', 'PROACTIVE', 'PROACTIVE', 'PROACTIVE', 'PROACTIVE', 'PROACTIVE', 'PROACTIVE']"
81.684215,28,11988.858393,497,abstract_2_0,"['PROACTIVE', 'PROACTIVE', 'PROACTIVE', 'PROACTIVE', 'PROACTIVE', 'NAIVE', 'NAIVE', 'NAIVE', 'NAIVE', 'NAIVE', 'NAIVE', 'NAIVE', 'NAIVE', 'NAIVE', 'PROACTIVE', 'PROACTIVE', 'PROACTIVE', 'NAIVE', 'NAIVE', 'NAIVE', 'NAIVE', 'NAIVE', 'NAIVE', 'NAIVE', 'PROACTIVE', 'NAIVE', 'NAIVE', 'PROACTIVE']"
89.122735,26,12043.545861,606,abstract_4_3,"['PROACTIVE', 'PROACTIVE', 'NAIVE', 'NAIVE', 'NAIVE', 'NAIVE', 'PROACTIVE', 'PROACTIVE', 'PROACTIVE', 'NAIVE', 'NAIVE', 'NAIVE', 'NAIVE', 'PROACTIVE', 'NAIVE', 'NAIVE', 'NAIVE', 'PROACTIVE', 'PROACTIVE', 'NAIVE', 'PROACTIVE', 'PROACTIVE', 'PROACTIVE', 'PROACTIVE', 'NAIVE', 'PROACTIVE']"
98.587442,15,12084.153323,489,abstract_2_2,"['NAIVE', 'PROACTIVE', 'PROACTIVE', 'PROACTIVE', 'PROACTIVE', 'PROACTIVE', 'PROACTIVE', 'PROACTIVE', 'PROACTIVE', 'PROACTIVE', 'PROACTIVE', 'PROACTIVE', 'PROACTIVE', 'PROACTIVE', 'PROACTIVE']"
106.158123,25,12133.768499,401,abstract_0_0,"['NAIVE', 'NAIVE', 'NAIVE', 'PROACTIVE', 'PROACTIVE', 'PROACTIVE', 'PROACTIVE', 'PROACTIVE', 'NAIVE', 'PROACTIVE', 'PROACTIVE', 'NAIVE', 'NAIVE', 'NAIVE', 'PROACTIVE', 'PROACTIVE', 'PROACTIVE', 'NAIVE', 'PROACTIVE', 'PROACTIVE', 'NAIVE', 'PROACTIVE', 'PROACTIVE', 'NAIVE', 'PROACTIVE']"
100.947968,19,12182.271774,454,abstract_1_1,"['PROACTIVE', 'PROACTIVE', 'NAIVE', 'PROACTIVE', 'PROACTIVE', 'NAIVE', 'PROACTIVE', 'PROACTIVE', 'PROACTIVE', 'PROACTIVE', 'PROACTIVE', 'NAIVE', 'PROACTIVE', 'PROACTIVE', 'PROACTIVE', 'PROACTIVE', 'PROACTIVE', 'PROACTIVE', 'PROACTIVE']"
270.664853,17,12218.42045,6,abstract_0_1,"['PROACTIVE', 'PROACTIVE', 'PROACTIVE', 'NAIVE', 'PROACTIVE', 'PROACTIVE', 'PROACTIVE', 'PROACTIVE', 'NAIVE', 'NAIVE', 'PROACTIVE', 'PROACTIVE', 'PROACTIVE', 'PROACTIVE', 'PROACTIVE', 'PROACTIVE', 'PROACTIVE']"
23.186147,26,12265.643693,741,abstract_7_0,"['NAIVE', 'NAIVE', 'NAIVE', 'NAIVE', 'NAIVE', 'PROACTIVE', 'PROACTIVE', 'PROACTIVE', 'PROACTIVE', 'NAIVE', 'NAIVE', 'NAIVE', 'NAIVE', 'NAIVE', 'NAIVE', 'NAIVE', 'NAIVE', 'NAIVE', 'PROACTIVE', 'NAIVE', 'NAIVE', 'NAIVE', 'PROACTIVE', 'NAIVE', 'NAIVE', 'NAIVE']"
1.429099,19,12302.881124,877,abstract_6_2,"['NAIVE', 'NAIVE', 'PROACTIVE', 'PROACTIVE', 'NAIVE', 'NAIVE', 'PROACTIVE', 'PROACTIVE', 'NAIVE', 'NAIVE', 'PROACTIVE', 'PROACTIVE', 'NAIVE', 'PROACTIVE', 'NAIVE', 'NAIVE', 'NAIVE', 'NAIVE', 'NAIVE']"
52.238191,26,12368.173563,397,abstract_0_2,"['NAIVE', 'NAIVE', 'PROACTIVE', 'PROACTIVE', 'PROACTIVE', 'NAIVE', 'NAIVE', 'PROACTIVE', 'PROACTIVE', 'PROACTIVE', 'PROACTIVE', 'PROACTIVE', 'PROACTIVE', 'PROACTIVE', 'NAIVE', 'NAIVE', 'NAIVE', 'PROACTIVE', 'PROACTIVE', 'PROACTIVE', 'PROACTIVE', 'NAIVE', 'PROACTIVE', 'PROACTIVE', 'PROACTIVE', 'NAIVE']"
-0.373763,28,12413.179184,546,abstract_3_1,"['NAIVE', 'NAIVE', 'PROACTIVE', 'PROACTIVE', 'PROACTIVE', 'PROACTIVE', 'NAIVE', 'NAIVE', 'NAIVE', 'NAIVE', 'NAIVE', 'NAIVE', 'NAIVE', 'NAIVE', 'NAIVE', 'NAIVE', 'NAIVE', 'NAIVE', 'NAIVE', 'NAIVE', 'NAIVE', 'NAIVE', 'NAIVE', 'NAIVE', 'NAIVE', 'NAIVE', 'NAIVE', 'NAIVE']"
117.132436,26,12473.022416,505,abstract_2_2,"['PROACTIVE', 'NAIVE', 'NAIVE', 'NAIVE', 'PROACTIVE', 'PROACTIVE', 'PROACTIVE', 'PROACTIVE', 'PROACTIVE', 'PROACTIVE', 'PROACTIVE', 'PROACTIVE', 'NAIVE', 'NAIVE', 'NAIVE', 'PROACTIVE', 'PROACTIVE', 'NAIVE', 'PROACTIVE', 'PROACTIVE', 'NAIVE', 'NAIVE', 'PROACTIVE', 'PROACTIVE', 'PROACTIVE', 'PROACTIVE']"
33.127338,30,12545.734599,527,abstract_2_3,"['PROACTIVE', 'NAIVE', 'PROACTIVE', 'PROACTIVE', 'PROACTIVE', 'PROACTIVE', 'PROACTIVE', 'NAIVE', 'NAIVE', 'PROACTIVE', 'PROACTIVE', 'PROACTIVE', 'PROACTIVE', 'PROACTIVE', 'NAIVE', 'PROACTIVE', 'NAIVE', 'NAIVE', 'PROACTIVE', 'PROACTIVE', 'PROACTIVE', 'PROACTIVE', 'PROACTIVE', 'NAIVE', 'NAIVE', 'NAIVE', 'PROACTIVE', 'PROACTIVE', 'PROACTIVE', 'PROACTIVE']"
157.753947,16,12571.810446,440,abstract_1_2,"['PROACTIVE', 'NAIVE', 'NAIVE', 'NAIVE', 'NAIVE', 'NAIVE', 'NAIVE', 'NAIVE', 'NAIVE', 'NAIVE', 'NAIVE', 'PROACTIVE', 'PROACTIVE', 'NAIVE', 'NAIVE', 'PROACTIVE']"
240.785783,20,12637.232456,465,abstract_1_0,"['PROACTIVE', 'PROACTIVE', 'PROACTIVE', 'PROACTIVE', 'PROACTIVE', 'PROACTIVE', 'PROACTIVE', 'PROACTIVE', 'NAIVE', 'PROACTIVE', 'PROACTIVE', 'PROACTIVE', 'PROACTIVE', 'PROACTIVE', 'PROACTIVE', 'PROACTIVE', 'PROACTIVE', 'PROACTIVE', 'PROACTIVE', 'PROACTIVE']"
74.352575,28,12694.52724,761,abstract_7_2,"['NAIVE', 'PROACTIVE', 'NAIVE', 'NAIVE', 'PROACTIVE', 'PROACTIVE', 'PROACTIVE', 'PROACTIVE', 'NAIVE', 'NAIVE', 'NAIVE', 'NAIVE', 'PROACTIVE', 'NAIVE', 'NAIVE', 'NAIVE', 'NAIVE', 'PROACTIVE', 'NAIVE', 'PROACTIVE', 'PROACTIVE', 'PROACTIVE', 'PROACTIVE', 'PROACTIVE', 'NAIVE', 'PROACTIVE', 'PROACTIVE', 'PROACTIVE']"
81.163595,21,12739.172896,868,abstract_6_0,"['NAIVE', 'NAIVE', 'PROACTIVE', 'PROACTIVE', 'PROACTIVE', 'NAIVE', 'PROACTIVE', 'NAIVE', 'PROACTIVE', 'PROACTIVE', 'PROACTIVE', 'PROACTIVE', 'PROACTIVE', 'PROACTIVE', 'NAIVE', 'PROACTIVE', 'NAIVE', 'PROACTIVE', 'PROACTIVE', 'PROACTIVE', 'PROACTIVE']"
